name,price,price_sale,brand,product_id,description,age,gender,img1,img2,img3,img4
Xe Đua Động Cơ Tên Lửa,569000,949000,LEGO CREATOR,SKU31074,"<div class='content-heading'><h3 class='title text-uppercase'>Mô tả sản phẩm</h3></div>
<div class='data item content' id='attributedescription'>
<div class='product attribute description'>
    <div class='value'><div style='margin: 0;padding: 8.0px 0;white-space: pre-wrap;'><span>Hãy là người đầu tiên cán đích với chiếc xe đua trong bộ lắp ráp 31074 Xe Đua dành cho bé từ 7 - 12 tuổi. Với tổng cộng 241 miếng ghép nhiều màu sắc, bé có thể tự tay lắp ráp cho mình chiếc siêu xe mơ ước với đầy đủ các bộ phận như buồng lái, động cơ, mui xe... Sản phẩm mở ra thế giới sắc màu, những giờ phút bay bổng cùng trí tưởng tượng, và rèn luyện sự khéo léo khi lắp các mảnh ghép. </span></div><div style='margin: 0;padding: 8.0px 0;white-space: pre-wrap;'><span>THÔNG TIN CHI TIẾT </span></div><div style='margin: 0;padding: 8.0px 0;white-space: pre-wrap;'><span>- Chất liệu nhựa ABS an toàn không gây hại cho sức khỏe của bé khi sử dụng. </span></div><div style='margin: 0;padding: 8.0px 0;white-space: pre-wrap;'><span>- Bộ gồm: 241 chi tiết. Kèm sách hướng dẫn lắp ráp. </span></div><div style='margin: 0;padding: 8.0px 0;white-space: pre-wrap;'><span>- Độ tuổi phù hợp: 7-12 tuổi. </span></div><div style='margin: 0;padding: 8.0px 0;white-space: pre-wrap;'><span>- Thương hiệu đồ chơi Đan Mạch.</span></div><div style='box-sizing: border-box;font-weight: 500;display: block;color: #000000;font-family: montserrat , sans-serif;font-size: 14.0px;font-style: normal;font-variant-ligatures: normal;font-variant-caps: normal;letter-spacing: -0.12px;orphans: 2;text-align: start;text-indent: 0.0px;text-transform: none;white-space: pre-wrap;widows: 2;word-spacing: 0.0px;-webkit-text-stroke-width: 0.0px;background-color: #ffffff;text-decoration-style: initial;text-decoration-color: initial;margin: 0;padding: 8.0px 0;'><ul style='box-sizing: border-box;font-weight: 500;margin: 0.0px;list-style: disc;padding: 0.0px;margin-left: 10.0px;'><li style='box-sizing: border-box;font-weight: 500;margin-top: 0.0px;margin-bottom: 5.0px;'><span>Thương hiệu:</span><span> LEGO CREATOR</span></li><li style='box-sizing: border-box;font-weight: 500;margin-top: 0.0px;margin-bottom: 5.0px;'><span>Kích cỡ: 19.1 x 6.1 x 26.2 cm</span></li><li style='box-sizing: border-box;font-weight: 500;margin-top: 0.0px;margin-bottom: 5.0px;'><span>Độ tuổi:</span><span> 7-12 tuổi</span></li><li style='box-sizing: border-box;font-weight: 500;margin-top: 0.0px;margin-bottom: 5.0px;'><span>Chất liệu: Nhựa</span></li><li style='box-sizing: border-box;font-weight: 500;margin-top: 0.0px;margin-bottom: 5.0px;'><span>Xuất xứ: HUNGARY</span></li><li style='box-sizing: border-box;font-weight: 500;margin-top: 0.0px;margin-bottom: 5.0px;'><span>Mã sản phẩm: 31074</span></li></ul></div><li style='box-sizing: border-box;font-weight: 500;margin-top: 0.0px;margin-bottom: 5.0px;'><span></span><div style='width: 100.0%;margin: 0;padding: 8.0px 0;white-space: pre-wrap;'><div style='width: 100.0%;display: block;margin: 0;padding: 8.0px 0;white-space: pre-wrap;'><div style='width: 100.0%;display: block;margin: 0;padding: 8.0px 0;white-space: pre-wrap;'><div style='width: 100.0%;display: block;'><img src='https://vn-live-01.slatic.net/p/5cfcb6dcea3319608c42f4bd72c5ecc7.jpg' style='width: 100.0%;display: block;'></div></div></div></div><div style='width: 100.0%;margin: 0;padding: 8.0px 0;white-space: pre-wrap;'><div style='width: 100.0%;display: block;margin: 0;padding: 8.0px 0;white-space: pre-wrap;'><div style='width: 100.0%;display: block;margin: 0;padding: 8.0px 0;white-space: pre-wrap;'><div style='width: 100.0%;display: block;'><img src='https://vn-live-01.slatic.net/p/5dba14f7a5f4677a825d89b58bfed641.jpg' style='width: 100.0%;display: block;'></div></div></div></div><div style='width: 100.0%;margin: 0;padding: 8.0px 0;white-space: pre-wrap;'><div style='width: 100.0%;display: block;margin: 0;padding: 8.0px 0;white-space: pre-wrap;'><div style='width: 100.0%;display: block;margin: 0;padding: 8.0px 0;white-space: pre-wrap;'><div style='width: 100.0%;display: block;'><img src='https://vn-live-01.slatic.net/p/c3205f1a5103aabfed60d0d2195b515f.jpg' style='width: 100.0%;display: block;'></div></div></div></div><div style='width: 100.0%;margin: 0;padding: 8.0px 0;white-space: pre-wrap;'><div style='width: 100.0%;display: block;margin: 0;padding: 8.0px 0;white-space: pre-wrap;'><div style='width: 100.0%;display: block;margin: 0;padding: 8.0px 0;white-space: pre-wrap;'><div style='width: 100.0%;display: block;'><img src='https://vn-live-01.slatic.net/p/2354bd2a6ad5fd1b28c2ee4722ef31ce.jpg' style='width: 100.0%;display: block;'></div></div></div></div></li></div>
</div>
</div>
<div class='content-heading'><h3 class='title text-uppercase'>Thông tin sản phẩm</h3></div>
<div class='data item content' id='additional' data-role='content'>    <div class='additional-attributes-wrapper table-wrapper'>
        <table class='data table additional-attributes' id='product-attribute-specs-table'>
            <caption class='table-caption'>Thêm thông tin</caption>
            <tbody>
                                                <tr>
                        <th class='col label' scope='row'>Chủ đề</th>
                        <td class='col data' data-th='Chủ đề'>LEGO CREATOR VEHICLES</td>
                    </tr>
                                                                <tr>
                        <th class='col label' scope='row'>Xuất xứ</th>
                        <td class='col data' data-th='Xuất xứ'>HUNGARY</td>
                    </tr>
                                                                <tr>
                        <th class='col label' scope='row'>Mã VT</th>
                        <td class='col data' data-th='Mã VT'>31074</td>
                    </tr>
                                                                <tr>
                        <th class='col label' scope='row'>Thương hiệu</th>
                        <td class='col data' data-th='Thương hiệu'>LEGO CREATOR</td>
                    </tr>
                                                                <tr>
                        <th class='col label' scope='row'>Xuất xứ thương hiệu</th>
                        <td class='col data' data-th='Xuất xứ thương hiệu'>ĐAN MẠCH            </td>
                    </tr>
                                                                <tr>
                        <th class='col label' scope='row'>Tuổi</th>
                        <td class='col data' data-th='Tuổi'>6-11 tuổi, 12 tuổi trở lên</td>
                    </tr>
                                                                <tr>
                        <th class='col label' scope='row'>Chất liệu</th>
                        <td class='col data' data-th='Chất liệu'>Nhựa</td>
                    </tr>
                                                                <tr>
                        <th class='col label' scope='row'>Giới tính</th>
                        <td class='col data' data-th='Giới tính'>UNISEX</td>
                    </tr>
                                        </tbody>
        </table>
    </div>
</div>",1,1,https://u6wdnj9wggobj.vcdn.cloud/media/catalog/product/cache/a237138a07ed0dd2cc8a6fa440635ea6/magento/LEGO_CREATOR/31074/31074_1.jpg,https://u6wdnj9wggobj.vcdn.cloud/media/catalog/product/cache/a237138a07ed0dd2cc8a6fa440635ea6/magento/LEGO_CREATOR/31074/31074_2.jpg,https://u6wdnj9wggobj.vcdn.cloud/media/catalog/product/cache/a237138a07ed0dd2cc8a6fa440635ea6/magento/LEGO_CREATOR/31074/31074_3.jpg,https://u6wdnj9wggobj.vcdn.cloud/media/catalog/product/cache/a237138a07ed0dd2cc8a6fa440635ea6/magento/LEGO_CREATOR/31074/31074_4.jpg
Máy bay thể thao,160000,229000,SIKU,SKU1865,"<div class='content-heading'><h3 class='title text-uppercase'>Mô tả sản phẩm</h3></div>
<div class='data item content' id='attributedescription'>
<div class='product attribute description'>
    <div class='value'>Siku một nhãn hiệu sản xuất xe đồ chơi uy tín và nổi tiếng đến từ Đức luôn được các bé đặc biệt là các em nhỏ và nhận được rất nhiều sự tin tưởng của các bậc phụ huynh. Được thành lập năm 1921 và đăng ký nhãn hiệu năm 1950. Với sự đầu tư về kĩ thuật cũng như chất lượng không ngừng, Siku đã cho ra đời hơn 350 mô hình đồ chơi các loại với mẫu mã đẹp và độ an toàn cao cho người tiêu dùng. Ngày nay, Siku là một trong những nhãn hiệu đồ chơi hàng đầu đang được bán trên toàn thế giới. Mô hình máy bay thể thao chắc hẳn sẽ đem đến nhiều điều thích thú cho các bé. Máy bay thể thao có thể bay vòng, xoay, nhào lộn, xoắn ốc là những kỹ năng biểu diễn trên không mà bé sẽ thích thú với mô hình máy bay thể thao mới! Máy bay với cánh quạt và bánh xe xoay được sản xuất với rất nhiều chi tiết giống thật, tỉ lệ 1:87, dễ cầm và thích hợp cho bất kỳ pha bay biểu diễn nào! Được làm từ chất liệu nhựa cao cấp nên bố mẹ hãy để bé nhà mình thỏa sức vui chơi nhé!</div>
</div>
</div>
<div class='content-heading'><h3 class='title text-uppercase'>Thông tin sản phẩm</h3></div>
<div class='data item content' id='additional' data-role='content'>    <div class='additional-attributes-wrapper table-wrapper'>
        <table class='data table additional-attributes' id='product-attribute-specs-table'>
            <caption class='table-caption'>Thêm thông tin</caption>
            <tbody>
                                                <tr>
                        <th class='col label' scope='row'>Chủ đề</th>
                        <td class='col data' data-th='Chủ đề'>SIKU SUPER1:87</td>
                    </tr>
                                                                <tr>
                        <th class='col label' scope='row'>Xuất xứ</th>
                        <td class='col data' data-th='Xuất xứ'>TRUNG QUỐC</td>
                    </tr>
                                                                <tr>
                        <th class='col label' scope='row'>Mã VT</th>
                        <td class='col data' data-th='Mã VT'>1865</td>
                    </tr>
                                                                <tr>
                        <th class='col label' scope='row'>Thương hiệu</th>
                        <td class='col data' data-th='Thương hiệu'>SIKU</td>
                    </tr>
                                                                <tr>
                        <th class='col label' scope='row'>Xuất xứ thương hiệu</th>
                        <td class='col data' data-th='Xuất xứ thương hiệu'>Đức                 </td>
                    </tr>
                                                                <tr>
                        <th class='col label' scope='row'>Tuổi</th>
                        <td class='col data' data-th='Tuổi'>1-3 tuổi, 4-6 tuổi, 6-11 tuổi, 12 tuổi trở lên</td>
                    </tr>
                                                                <tr>
                        <th class='col label' scope='row'>Chất liệu</th>
                        <td class='col data' data-th='Chất liệu'>Nhựa, Kim loại, Cao su</td>
                    </tr>
                                                                <tr>
                        <th class='col label' scope='row'>Giới tính</th>
                        <td class='col data' data-th='Giới tính'>BOY</td>
                    </tr>
                                        </tbody>
        </table>
    </div>
</div>",2,1,https://u6wdnj9wggobj.vcdn.cloud/media/catalog/product/cache/a237138a07ed0dd2cc8a6fa440635ea6/magento/SIKU/1865/1865_1.jpg,https://u6wdnj9wggobj.vcdn.cloud/media/catalog/product/cache/a237138a07ed0dd2cc8a6fa440635ea6/magento/SIKU/1865/1865_2.jpg,https://u6wdnj9wggobj.vcdn.cloud/media/catalog/product/cache/a237138a07ed0dd2cc8a6fa440635ea6/magento/SIKU/1865/1865_3.jpg,https://u6wdnj9wggobj.vcdn.cloud/media/catalog/product/cache/a237138a07ed0dd2cc8a6fa440635ea6/magento/SIKU/1865/1865_4.jpg
Máy bay mini - Donnie Thông Minh,111000,159000,SUPERWINGS,SKUYW710012,"<div class='content-heading'><h3 class='title text-uppercase'>Mô tả sản phẩm</h3></div>
<div class='data item content' id='attributedescription'>
<div class='product attribute description'>
    <div class='value'>Đồ chơi máy bay Super Wings die-cast được làm bằng chất liệu kim loại cao cấp, sắc nét.
Mô phỏng chi tiết các nhân vật được yêu thích trong phim.
Đẩy về trước để tạo đà lăn bánh cho máy bay.</div>
</div>
</div>
<div class='content-heading'><h3 class='title text-uppercase'>Thông tin sản phẩm</h3></div>
<div class='data item content' id='additional' data-role='content'>    <div class='additional-attributes-wrapper table-wrapper'>
        <table class='data table additional-attributes' id='product-attribute-specs-table'>
            <caption class='table-caption'>Thêm thông tin</caption>
            <tbody>
                                                <tr>
                        <th class='col label' scope='row'>Chủ đề</th>
                        <td class='col data' data-th='Chủ đề'>SUPERWINGS DIECAST PLANE</td>
                    </tr>
                                                                <tr>
                        <th class='col label' scope='row'>Xuất xứ</th>
                        <td class='col data' data-th='Xuất xứ'>TRUNG QUỐC</td>
                    </tr>
                                                                <tr>
                        <th class='col label' scope='row'>Mã VT</th>
                        <td class='col data' data-th='Mã VT'>YW710012</td>
                    </tr>
                                                                <tr>
                        <th class='col label' scope='row'>Thương hiệu</th>
                        <td class='col data' data-th='Thương hiệu'>SUPERWINGS</td>
                    </tr>
                                                                <tr>
                        <th class='col label' scope='row'>Xuất xứ thương hiệu</th>
                        <td class='col data' data-th='Xuất xứ thương hiệu'>Trung Quốc          </td>
                    </tr>
                                                                <tr>
                        <th class='col label' scope='row'>Tuổi</th>
                        <td class='col data' data-th='Tuổi'>1-3 tuổi, 4-6 tuổi, 6-11 tuổi, 12 tuổi trở lên</td>
                    </tr>
                                                                <tr>
                        <th class='col label' scope='row'>Chất liệu</th>
                        <td class='col data' data-th='Chất liệu'>Kim loại, Vàng</td>
                    </tr>
                                                                <tr>
                        <th class='col label' scope='row'>Giới tính</th>
                        <td class='col data' data-th='Giới tính'>UNISEX</td>
                    </tr>
                                        </tbody>
        </table>
    </div>
</div>",3,1,https://u6wdnj9wggobj.vcdn.cloud/media/catalog/product/cache/a237138a07ed0dd2cc8a6fa440635ea6/y/w/yw710012-_2_.jpg,https://u6wdnj9wggobj.vcdn.cloud/media/catalog/product/cache/a237138a07ed0dd2cc8a6fa440635ea6/y/w/yw710012-_5_.jpg,https://u6wdnj9wggobj.vcdn.cloud/media/catalog/product/cache/a237138a07ed0dd2cc8a6fa440635ea6/y/w/yw710012-_1_.jpg,https://u6wdnj9wggobj.vcdn.cloud/media/catalog/product/cache/a237138a07ed0dd2cc8a6fa440635ea6/y/w/yw710012-_8_.jpg
Bệ phóng quả trứng - Donnie Thông Minh,139000,199000,SUPERWINGS,SKUYW710662,"<div class='content-heading'><h3 class='title text-uppercase'>Mô tả sản phẩm</h3></div>
<div class='data item content' id='attributedescription'>
<div class='product attribute description'>
    <div class='value'>Bệ phóng quả trứng giúp Donnie Thông Minh cất cánh!
Bước 1: Cầm bệ phóng quả trứng nằm ngang
Bước 2: Ấn nút trên bệ phóng quả trứng để mở nắp
Bước 3: Đặt bệ phóng lên mặt phẳng
Bước 4: Ấn vào hai bên đẩy máy bay Donnie lao nhanh về phía trước</div>
</div>
</div>
<div class='content-heading'><h3 class='title text-uppercase'>Thông tin sản phẩm</h3></div>
<div class='data item content' id='additional' data-role='content'>    <div class='additional-attributes-wrapper table-wrapper'>
        <table class='data table additional-attributes' id='product-attribute-specs-table'>
            <caption class='table-caption'>Thêm thông tin</caption>
            <tbody>
                                                <tr>
                        <th class='col label' scope='row'>Chủ đề</th>
                        <td class='col data' data-th='Chủ đề'>SUPERWINGS FLIP N FLY</td>
                    </tr>
                                                                <tr>
                        <th class='col label' scope='row'>Xuất xứ</th>
                        <td class='col data' data-th='Xuất xứ'>TRUNG QUỐC</td>
                    </tr>
                                                                <tr>
                        <th class='col label' scope='row'>Mã VT</th>
                        <td class='col data' data-th='Mã VT'>YW710662</td>
                    </tr>
                                                                <tr>
                        <th class='col label' scope='row'>Thương hiệu</th>
                        <td class='col data' data-th='Thương hiệu'>SUPERWINGS</td>
                    </tr>
                                                                <tr>
                        <th class='col label' scope='row'>Xuất xứ thương hiệu</th>
                        <td class='col data' data-th='Xuất xứ thương hiệu'>Trung Quốc          </td>
                    </tr>
                                                                <tr>
                        <th class='col label' scope='row'>Tuổi</th>
                        <td class='col data' data-th='Tuổi'>1-3 tuổi, 4-6 tuổi, 6-11 tuổi, 12 tuổi trở lên</td>
                    </tr>
                                                                <tr>
                        <th class='col label' scope='row'>Chất liệu</th>
                        <td class='col data' data-th='Chất liệu'>Nhựa, Kim loại</td>
                    </tr>
                                                                <tr>
                        <th class='col label' scope='row'>Giới tính</th>
                        <td class='col data' data-th='Giới tính'>UNISEX</td>
                    </tr>
                                        </tbody>
        </table>
    </div>
</div>",3,3,https://u6wdnj9wggobj.vcdn.cloud/media/catalog/product/cache/a237138a07ed0dd2cc8a6fa440635ea6/magento/SUPERWINGS/YW710662/YW710662_1.jpg,https://u6wdnj9wggobj.vcdn.cloud/media/catalog/product/cache/a237138a07ed0dd2cc8a6fa440635ea6/magento/SUPERWINGS/YW710662/YW710662_2.jpg,https://u6wdnj9wggobj.vcdn.cloud/media/catalog/product/cache/a237138a07ed0dd2cc8a6fa440635ea6/magento/SUPERWINGS/YW710662/YW710662_3.jpg,https://u6wdnj9wggobj.vcdn.cloud/media/catalog/product/cache/a237138a07ed0dd2cc8a6fa440635ea6/magento/SUPERWINGS/YW710662/YW710662_4.jpg
Bệ phóng quả trứng - Dizzy Lốc Xoáy,139000,199000,SUPERWINGS,SKUYW710664,"<div class='content-heading'><h3 class='title text-uppercase'>Mô tả sản phẩm</h3></div>
<div class='data item content' id='attributedescription'>
<div class='product attribute description'>
    <div class='value'>Bệ phóng quả trứng giúp Dizzy Lốc Xoáy cất cánh!
Bước 1: Cầm bệ phóng quả trứng nằm ngang
Bước 2: Ấn nút trên bệ phóng quả trứng để mở nắp
Bước 3: Đặt bệ phóng lên mặt phẳng
Bước 4: Ấn vào hai bên đẩy máy bay Dizzy lao nhanh về phía trước</div>
</div>
</div>
<div class='content-heading'><h3 class='title text-uppercase'>Thông tin sản phẩm</h3></div>
<div class='data item content' id='additional' data-role='content'>    <div class='additional-attributes-wrapper table-wrapper'>
        <table class='data table additional-attributes' id='product-attribute-specs-table'>
            <caption class='table-caption'>Thêm thông tin</caption>
            <tbody>
                                                <tr>
                        <th class='col label' scope='row'>Chủ đề</th>
                        <td class='col data' data-th='Chủ đề'>SUPERWINGS FLIP N FLY</td>
                    </tr>
                                                                <tr>
                        <th class='col label' scope='row'>Xuất xứ</th>
                        <td class='col data' data-th='Xuất xứ'>TRUNG QUỐC</td>
                    </tr>
                                                                <tr>
                        <th class='col label' scope='row'>Mã VT</th>
                        <td class='col data' data-th='Mã VT'>YW710664</td>
                    </tr>
                                                                <tr>
                        <th class='col label' scope='row'>Thương hiệu</th>
                        <td class='col data' data-th='Thương hiệu'>SUPERWINGS</td>
                    </tr>
                                                                <tr>
                        <th class='col label' scope='row'>Xuất xứ thương hiệu</th>
                        <td class='col data' data-th='Xuất xứ thương hiệu'>Trung Quốc          </td>
                    </tr>
                                                                <tr>
                        <th class='col label' scope='row'>Tuổi</th>
                        <td class='col data' data-th='Tuổi'>1-3 tuổi, 4-6 tuổi, 6-11 tuổi, 12 tuổi trở lên</td>
                    </tr>
                                                                <tr>
                        <th class='col label' scope='row'>Chất liệu</th>
                        <td class='col data' data-th='Chất liệu'>Nhựa, Kim loại</td>
                    </tr>
                                                                <tr>
                        <th class='col label' scope='row'>Giới tính</th>
                        <td class='col data' data-th='Giới tính'>UNISEX</td>
                    </tr>
                                        </tbody>
        </table>
    </div>
</div>",2,3,https://u6wdnj9wggobj.vcdn.cloud/media/catalog/product/cache/a237138a07ed0dd2cc8a6fa440635ea6/magento/SUPERWINGS/YW710664/YW710664_1.jpg,https://u6wdnj9wggobj.vcdn.cloud/media/catalog/product/cache/a237138a07ed0dd2cc8a6fa440635ea6/magento/SUPERWINGS/YW710664/YW710664_2.jpg,https://u6wdnj9wggobj.vcdn.cloud/media/catalog/product/cache/a237138a07ed0dd2cc8a6fa440635ea6/magento/SUPERWINGS/YW710664/YW710664_3.jpg,https://u6wdnj9wggobj.vcdn.cloud/media/catalog/product/cache/a237138a07ed0dd2cc8a6fa440635ea6/magento/SUPERWINGS/YW710664/YW710664_4.jpg
Bệ phóng quả trứng - Jett Tia Chớp,139000,199000,SUPERWINGS,SKUYW710661,"<div class='content-heading'><h3 class='title text-uppercase'>Mô tả sản phẩm</h3></div>
<div class='data item content' id='attributedescription'>
<div class='product attribute description'>
    <div class='value'>Bệ phóng quả trứng giúp Jett Tia Chớp cất cánh!
Bước 1: Cầm bệ phóng quả trứng nằm ngang
Bước 2: Ấn nút trên bệ phóng quả trứng để mở nắp
Bước 3: Đặt bệ phóng lên mặt phẳng
Bước 4: Ấn vào hai bên đẩy máy bay Jett lao nhanh về phía trước</div>
</div>
</div>
<div class='content-heading'><h3 class='title text-uppercase'>Thông tin sản phẩm</h3></div>
<div class='data item content' id='additional' data-role='content'>    <div class='additional-attributes-wrapper table-wrapper'>
        <table class='data table additional-attributes' id='product-attribute-specs-table'>
            <caption class='table-caption'>Thêm thông tin</caption>
            <tbody>
                                                <tr>
                        <th class='col label' scope='row'>Chủ đề</th>
                        <td class='col data' data-th='Chủ đề'>SUPERWINGS FLIP N FLY</td>
                    </tr>
                                                                <tr>
                        <th class='col label' scope='row'>Xuất xứ</th>
                        <td class='col data' data-th='Xuất xứ'>TRUNG QUỐC</td>
                    </tr>
                                                                <tr>
                        <th class='col label' scope='row'>Mã VT</th>
                        <td class='col data' data-th='Mã VT'>YW710661</td>
                    </tr>
                                                                <tr>
                        <th class='col label' scope='row'>Thương hiệu</th>
                        <td class='col data' data-th='Thương hiệu'>SUPERWINGS</td>
                    </tr>
                                                                <tr>
                        <th class='col label' scope='row'>Xuất xứ thương hiệu</th>
                        <td class='col data' data-th='Xuất xứ thương hiệu'>Trung Quốc          </td>
                    </tr>
                                                                <tr>
                        <th class='col label' scope='row'>Tuổi</th>
                        <td class='col data' data-th='Tuổi'>1-3 tuổi, 4-6 tuổi, 6-11 tuổi, 12 tuổi trở lên</td>
                    </tr>
                                                                <tr>
                        <th class='col label' scope='row'>Chất liệu</th>
                        <td class='col data' data-th='Chất liệu'>Nhựa, Kim loại</td>
                    </tr>
                                                                <tr>
                        <th class='col label' scope='row'>Giới tính</th>
                        <td class='col data' data-th='Giới tính'>UNISEX</td>
                    </tr>
                                        </tbody>
        </table>
    </div>
</div>",1,3,https://u6wdnj9wggobj.vcdn.cloud/media/catalog/product/cache/a237138a07ed0dd2cc8a6fa440635ea6/magento/SUPERWINGS/YW710661/YW710661_1.jpg,https://u6wdnj9wggobj.vcdn.cloud/media/catalog/product/cache/a237138a07ed0dd2cc8a6fa440635ea6/magento/SUPERWINGS/YW710661/YW710661_2.jpg,https://u6wdnj9wggobj.vcdn.cloud/media/catalog/product/cache/a237138a07ed0dd2cc8a6fa440635ea6/magento/SUPERWINGS/YW710661/YW710661_3.jpg,https://u6wdnj9wggobj.vcdn.cloud/media/catalog/product/cache/a237138a07ed0dd2cc8a6fa440635ea6/magento/SUPERWINGS/YW710661/YW710661_4.jpg
Máy bay trực thăng taxi,219000,,SIKU,SKU1647,"<div class='content-heading'><h3 class='title text-uppercase'>Mô tả sản phẩm</h3></div>
<div class='data item content' id='attributedescription'>
<div class='product attribute description'>
    <div class='value'><h2>Mô hình SIKU Máy bay trực thăng taxi 1647</h2>
<p>Máy Bay Trực Thăng Taxi Siku 1647 mô phỏng dòng trực thăng đặc biệt được gọi là trực thăng taxi vì nó cơ động hơn một chiếc ô tô việt dã. Bé có thể tưởng tượng mình là phi công tài giỏi đưa bạn bè ngao du trên bầu trời và ngắm cảnh dưới mặt đất từ độ cao 150 mét đến 700 mét thật vui thú. Trực thăng có hệ thống cánh quạt quay và hạ cánh an toàn, ổn định cho bé thực hiện các cú tiếp đất hoàn hảo như ý muốn.</p>
<p>Sản phẩm giúp bé chơi vui và có thêm kiến thức về phương tiện giao thông. Bé có thể tưởng tượng mình là phi công tài giỏi khi chơi cùng Máy Bay Trực Thăng Taxi Siku 1647. Ba mẹ có thể ở bên để chỉ cho con tên gọi, đặc điểm, cách vận hành, điểm nổi bật,... của dòng trực thăng này để con có thêm kiến thức về phương tiện giao thông. Chơi cùng trực thăng cũng giúp bé rèn luyện khả năng vận động tay - mắt linh hoạt hơn.</p>
<h3>Thông tin sản phẩm:</h3>
<ul>
<li>Chất liệu hợp kim cao cấp</li>
<li>Máy Bay Trực Thăng Taxi Siku 1647 được làm bằng chất liệu hợp kim cao cấp, bền và không chứa BPA. Chất liệu này chống gỉ sét tốt, phủ lớp màu sơn thực phẩm đẹp mắt, an toàn cho bé khi chơi.</li>
<li>Mô phỏng dòng trực thăng taxi mới lạ</li>
<li>Giúp bé chơi vui và có thêm kiến thức về phương tiện giao thông</li>
</ul>
<p>SIKU là thương hiệu xe mô hình DIE:CAST hàng đầu tại Đức<br>Những chiếc xe SIKU không chỉ được các em nhỏ yêu thích mà còn là niềm đam mê của các nhà sưu tập xe mô hình trên thế giới bởi sự tinh tế, sắc nét đến từng chi tiết. <br>Ngoài những chiếc siêu xe được mua bản quyền từ các hãng xe nổi tiếng trên toàn thế giới như Lamborghini, Porche, BMW, Mercedes…Bộ sưu tập xe SIKU còn có những dòng xe khác trong đời sống như xe công trường, xe buýt, cứu hỏa, cảnh sát, xe vận chuyển…</p></div>
</div>
</div>
<div class='content-heading'><h3 class='title text-uppercase'>Thông tin sản phẩm</h3></div>
<div class='data item content' id='additional' data-role='content'>    <div class='additional-attributes-wrapper table-wrapper'>
        <table class='data table additional-attributes' id='product-attribute-specs-table'>
            <caption class='table-caption'>Thêm thông tin</caption>
            <tbody>
                                                <tr>
                        <th class='col label' scope='row'>Chủ đề</th>
                        <td class='col data' data-th='Chủ đề'>SIKU BLISTER16</td>
                    </tr>
                                                                <tr>
                        <th class='col label' scope='row'>Xuất xứ</th>
                        <td class='col data' data-th='Xuất xứ'>TRUNG QUỐC</td>
                    </tr>
                                                                <tr>
                        <th class='col label' scope='row'>Mã VT</th>
                        <td class='col data' data-th='Mã VT'>1647</td>
                    </tr>
                                                                <tr>
                        <th class='col label' scope='row'>Thương hiệu</th>
                        <td class='col data' data-th='Thương hiệu'>SIKU</td>
                    </tr>
                                                                <tr>
                        <th class='col label' scope='row'>Xuất xứ thương hiệu</th>
                        <td class='col data' data-th='Xuất xứ thương hiệu'>Đức                 </td>
                    </tr>
                                                                <tr>
                        <th class='col label' scope='row'>Tuổi</th>
                        <td class='col data' data-th='Tuổi'>1-3 tuổi, 4-6 tuổi, 6-11 tuổi, 12 tuổi trở lên</td>
                    </tr>
                                                                <tr>
                        <th class='col label' scope='row'>Chất liệu</th>
                        <td class='col data' data-th='Chất liệu'>Nhựa, Kim loại, Cao su</td>
                    </tr>
                                                                <tr>
                        <th class='col label' scope='row'>Giới tính</th>
                        <td class='col data' data-th='Giới tính'>BOY</td>
                    </tr>
                                        </tbody>
        </table>
    </div>
</div>",1,1,https://u6wdnj9wggobj.vcdn.cloud/media/catalog/product/cache/a237138a07ed0dd2cc8a6fa440635ea6/1/6/1647_1.jpg,https://u6wdnj9wggobj.vcdn.cloud/media/catalog/product/cache/a237138a07ed0dd2cc8a6fa440635ea6/1/6/1647_2.jpg,https://u6wdnj9wggobj.vcdn.cloud/media/catalog/product/cache/a237138a07ed0dd2cc8a6fa440635ea6/1/6/1647_3.jpg,https://u6wdnj9wggobj.vcdn.cloud/media/catalog/product/cache/a237138a07ed0dd2cc8a6fa440635ea6/1/6/1647_4.jpg
Xe tải chở máy bay,549000,,SIKU,SKU1866,"<div class='content-heading'><h3 class='title text-uppercase'>Mô tả sản phẩm</h3></div>
<div class='data item content' id='attributedescription'>
<div class='product attribute description'>
    <div class='value'><h2>Mô hình SIKU Xe tải chở máy bay 1866</h2>
<p>Cabin tài xế và tháp xe có không gian đủ lớn cho sàn xe 3 trục bánh với máy bay thể thao. Mô hình Xe Tải Chở Máy Bay Siku : 1866 có máy bay đúc kim loại với động cơ hoạt động và bánh xe quay được tạo ra với nhiều chi tiết theo nguyên bản. Bánh xe và cánh có thể tháo rời và dễ dàng lắp ráp để sẵn sàng cho bầt kỳ pha biểu diễn máy bay mạo hiểm nào!<br>Đối với các bé trong độ tuổi tìm hiểu thế giới xung quang, khám phá những điều mới thì việc tiếp xúc với đồ chơi mô hình đem đến sự tiếp thu, học hỏi nhanh hơn, đồ chơi Siku sẽ thỏa mãn yêu cầu đó. Đây là loại đồ chơi mô phỏng các phương tiện giao thông, những chiếc xe của Siku có thiết kế như thật với những đường nét mô phỏng tinh tế từng chi tiết sẽ thỏa mãn những cậu bé đầy trí tò mò. Mô hình Siku với kích cỡ nhỏ nhắn sẽ trở thành một món sưu tập có ý nghĩa và là một người bạn thân thiết đi theo bé mọi lúc mọi nơi.</p>
<h3>Thông tin sản phẩm:</h3>
<ul>
<li>Chủ đề: SIKU SUPER 1:87</li>
<li>Thương hiệu: SIKU</li>
<li>Xuất xứ thương hiệu: Đức</li>
<li>Tuổi: 3+</li>
<li>Chất liệu: Nhựa, Kim loại, Cao su</li>
<li>Kích thước SP: 19x4x5</li>
<li>Khối lượng: 100g</li>
</ul>
<p></p>
<p>SIKU là thương hiệu xe mô hình DIE:CAST hàng đầu tại Đức<br>Những chiếc xe SIKU không chỉ được các em nhỏ yêu thích mà còn là niềm đam mê của các nhà sưu tập xe mô hình trên thế giới bởi sự tinh tế, sắc nét đến từng chi tiết. <br>Ngoài những chiếc siêu xe được mua bản quyền từ các hãng xe nổi tiếng trên toàn thế giới như Lamborghini, Porche, BMW, Mercedes…Bộ sưu tập xe SIKU còn có những dòng xe khác trong đời sống như xe công trường, xe buýt, cứu hỏa, cảnh sát, xe vận chuyển…</p></div>
</div>
</div>
<div class='content-heading'><h3 class='title text-uppercase'>Thông tin sản phẩm</h3></div>
<div class='data item content' id='additional' data-role='content'>    <div class='additional-attributes-wrapper table-wrapper'>
        <table class='data table additional-attributes' id='product-attribute-specs-table'>
            <caption class='table-caption'>Thêm thông tin</caption>
            <tbody>
                                                <tr>
                        <th class='col label' scope='row'>Chủ đề</th>
                        <td class='col data' data-th='Chủ đề'>SIKU SUPER1:87</td>
                    </tr>
                                                                <tr>
                        <th class='col label' scope='row'>Xuất xứ</th>
                        <td class='col data' data-th='Xuất xứ'>TRUNG QUỐC</td>
                    </tr>
                                                                <tr>
                        <th class='col label' scope='row'>Mã VT</th>
                        <td class='col data' data-th='Mã VT'>1866</td>
                    </tr>
                                                                <tr>
                        <th class='col label' scope='row'>Thương hiệu</th>
                        <td class='col data' data-th='Thương hiệu'>SIKU</td>
                    </tr>
                                                                <tr>
                        <th class='col label' scope='row'>Xuất xứ thương hiệu</th>
                        <td class='col data' data-th='Xuất xứ thương hiệu'>Đức                 </td>
                    </tr>
                                                                <tr>
                        <th class='col label' scope='row'>Tuổi</th>
                        <td class='col data' data-th='Tuổi'>1-3 tuổi, 4-6 tuổi, 6-11 tuổi, 12 tuổi trở lên</td>
                    </tr>
                                                                <tr>
                        <th class='col label' scope='row'>Chất liệu</th>
                        <td class='col data' data-th='Chất liệu'>Nhựa, Kim loại, Cao su</td>
                    </tr>
                                                                <tr>
                        <th class='col label' scope='row'>Giới tính</th>
                        <td class='col data' data-th='Giới tính'>BOY</td>
                    </tr>
                                        </tbody>
        </table>
    </div>
</div>",2,1,https://u6wdnj9wggobj.vcdn.cloud/media/catalog/product/cache/a237138a07ed0dd2cc8a6fa440635ea6/magento/SIKU/1866/1866_1.jpg,https://u6wdnj9wggobj.vcdn.cloud/media/catalog/product/cache/a237138a07ed0dd2cc8a6fa440635ea6/magento/SIKU/1866/1866_2.jpg,https://u6wdnj9wggobj.vcdn.cloud/media/catalog/product/cache/a237138a07ed0dd2cc8a6fa440635ea6/magento/SIKU/1866/1866_3.jpg,https://u6wdnj9wggobj.vcdn.cloud/media/catalog/product/cache/a237138a07ed0dd2cc8a6fa440635ea6/magento/SIKU/1866/1866_4.jpg
Xe tải sàn thấp và tên lửa,219000,,SIKU,SKU1614,"<div class='content-heading'><h3 class='title text-uppercase'>Mô tả sản phẩm</h3></div>
<div class='data item content' id='attributedescription'>
<div class='product attribute description'>
    <div class='value'><h2><span data-sheets-value='{&quot;1&quot;:2,&quot;2&quot;:&quot;Mô hình SIKU Xe tải sàn thấp và tên lửa - 1614\nTên lửa là một khí cụ bay, có hoặc không có điều khiển, chỉ sử dụng một lần, chuyển động nhờ sức đẩy theo nguyên tắc phản lực do khí phụt ra từ động cơ tên lửa. Có rất nhiều loại tên lửa và có nhiều kích cỡ khác nhau, từ loại rất nhỏ đến các loại tên lửa cực lớn như các tên lửa dùng để phóng các tàu vũ trụ. Mô hình xe tải sàn thấp vận chuyển tên lửa của SIKU có cấu tạo bằng nhựa và kim loại siêu bền. Tên lửa được nối với khung xe bằng 1 trục có thể nhấc lên thẳng đứng.\n\nThông tin sản phẩm:\n\nThương hiệu : Siku \nXuất xứ thương hiệu : Đức \nChất liệu : Nhựa cao cấp ABS \nĐộ tuổi : 1-6 tuổi\nSản phẩm mô phỏng một cách tinh xảo chiếc xe thật theo tỉ lệ chính xác tuyệt đối, giúp bé dễ dàng quan sát, nhận biết dễ dàng phân biệt và học hỏi về các phương tiện giao thông.\n\nSIKU là một nhãn hiệu của Đức được đăng ký vào 1950. Đây là từ viết tắt của SIEPER KUNSTSTOFFE có nghĩa là công ty nhựa Sieper. Ngày nay, SIKU là một trong những nhãn hiệu đồ chơi hàng đầu đang được bán trên toàn thế giới. Chất lượng tốt nhất và giá trị tuyệt vời là những tiêu chí mà sản phẩm của SIKU mang lại.&quot;}' data-sheets-userformat='{&quot;2&quot;:13247,&quot;3&quot;:{&quot;1&quot;:0},&quot;4&quot;:[null,2,16770457],&quot;5&quot;:{&quot;1&quot;:[{&quot;1&quot;:2,&quot;2&quot;:0,&quot;5&quot;:[null,2,0]},{&quot;1&quot;:0,&quot;2&quot;:0,&quot;3&quot;:3},{&quot;1&quot;:1,&quot;2&quot;:0,&quot;4&quot;:1}]},&quot;6&quot;:{&quot;1&quot;:[{&quot;1&quot;:2,&quot;2&quot;:0,&quot;5&quot;:[null,2,0]},{&quot;1&quot;:0,&quot;2&quot;:0,&quot;3&quot;:3},{&quot;1&quot;:1,&quot;2&quot;:0,&quot;4&quot;:1}]},&quot;7&quot;:{&quot;1&quot;:[{&quot;1&quot;:2,&quot;2&quot;:0,&quot;5&quot;:[null,2,0]},{&quot;1&quot;:0,&quot;2&quot;:0,&quot;3&quot;:3},{&quot;1&quot;:1,&quot;2&quot;:0,&quot;4&quot;:1}]},&quot;8&quot;:{&quot;1&quot;:[{&quot;1&quot;:2,&quot;2&quot;:0,&quot;5&quot;:[null,2,0]},{&quot;1&quot;:0,&quot;2&quot;:0,&quot;3&quot;:3},{&quot;1&quot;:1,&quot;2&quot;:0,&quot;4&quot;:1}]},&quot;10&quot;:1,&quot;11&quot;:3,&quot;12&quot;:0,&quot;15&quot;:&quot;Calibri&quot;,&quot;16&quot;:10}' data-sheets-textstyleruns='[null,0,{&quot;5&quot;:1}]{&quot;1&quot;:47}'><span>Mô hình SIKU Xe tải sàn thấp và tên lửa - 1614</span></span></h2>
<p><span data-sheets-value='{&quot;1&quot;:2,&quot;2&quot;:&quot;Mô hình SIKU Xe tải sàn thấp và tên lửa - 1614\nTên lửa là một khí cụ bay, có hoặc không có điều khiển, chỉ sử dụng một lần, chuyển động nhờ sức đẩy theo nguyên tắc phản lực do khí phụt ra từ động cơ tên lửa. Có rất nhiều loại tên lửa và có nhiều kích cỡ khác nhau, từ loại rất nhỏ đến các loại tên lửa cực lớn như các tên lửa dùng để phóng các tàu vũ trụ. Mô hình xe tải sàn thấp vận chuyển tên lửa của SIKU có cấu tạo bằng nhựa và kim loại siêu bền. Tên lửa được nối với khung xe bằng 1 trục có thể nhấc lên thẳng đứng.\n\nThông tin sản phẩm:\n\nThương hiệu : Siku \nXuất xứ thương hiệu : Đức \nChất liệu : Nhựa cao cấp ABS \nĐộ tuổi : 1-6 tuổi\nSản phẩm mô phỏng một cách tinh xảo chiếc xe thật theo tỉ lệ chính xác tuyệt đối, giúp bé dễ dàng quan sát, nhận biết dễ dàng phân biệt và học hỏi về các phương tiện giao thông.\n\nSIKU là một nhãn hiệu của Đức được đăng ký vào 1950. Đây là từ viết tắt của SIEPER KUNSTSTOFFE có nghĩa là công ty nhựa Sieper. Ngày nay, SIKU là một trong những nhãn hiệu đồ chơi hàng đầu đang được bán trên toàn thế giới. Chất lượng tốt nhất và giá trị tuyệt vời là những tiêu chí mà sản phẩm của SIKU mang lại.&quot;}' data-sheets-userformat='{&quot;2&quot;:13247,&quot;3&quot;:{&quot;1&quot;:0},&quot;4&quot;:[null,2,16770457],&quot;5&quot;:{&quot;1&quot;:[{&quot;1&quot;:2,&quot;2&quot;:0,&quot;5&quot;:[null,2,0]},{&quot;1&quot;:0,&quot;2&quot;:0,&quot;3&quot;:3},{&quot;1&quot;:1,&quot;2&quot;:0,&quot;4&quot;:1}]},&quot;6&quot;:{&quot;1&quot;:[{&quot;1&quot;:2,&quot;2&quot;:0,&quot;5&quot;:[null,2,0]},{&quot;1&quot;:0,&quot;2&quot;:0,&quot;3&quot;:3},{&quot;1&quot;:1,&quot;2&quot;:0,&quot;4&quot;:1}]},&quot;7&quot;:{&quot;1&quot;:[{&quot;1&quot;:2,&quot;2&quot;:0,&quot;5&quot;:[null,2,0]},{&quot;1&quot;:0,&quot;2&quot;:0,&quot;3&quot;:3},{&quot;1&quot;:1,&quot;2&quot;:0,&quot;4&quot;:1}]},&quot;8&quot;:{&quot;1&quot;:[{&quot;1&quot;:2,&quot;2&quot;:0,&quot;5&quot;:[null,2,0]},{&quot;1&quot;:0,&quot;2&quot;:0,&quot;3&quot;:3},{&quot;1&quot;:1,&quot;2&quot;:0,&quot;4&quot;:1}]},&quot;10&quot;:1,&quot;11&quot;:3,&quot;12&quot;:0,&quot;15&quot;:&quot;Calibri&quot;,&quot;16&quot;:10}' data-sheets-textstyleruns='[null,0,{&quot;5&quot;:1}]{&quot;1&quot;:47}'><span>Tên lửa là một khí cụ bay, có hoặc không có điều khiển,</span></span>chỉ sử dụng một lần, chuyển động nhờ sức đẩy theo nguyên tắc phản lực do khí phụt ra từ động cơ tên lửa. Có rất nhiều loại tên lửa và có nhiều kích cỡ khác nhau, từ loại rất nhỏ đến các loại tên lửa cực lớn như các tên lửa dùng để phóng các tàu vũ trụ. Mô hình xe tải sàn thấp vận chuyển tên lửa của SIKU có cấu tạo bằng nhựa và kim loại siêu bền. Tên lửa được nối với khung xe bằng 1 trục có thể nhấc lên thẳng đứng.</p>
<h3><span data-sheets-value='{&quot;1&quot;:2,&quot;2&quot;:&quot;Mô hình SIKU Xe tải sàn thấp và tên lửa - 1614\nTên lửa là một khí cụ bay, có hoặc không có điều khiển, chỉ sử dụng một lần, chuyển động nhờ sức đẩy theo nguyên tắc phản lực do khí phụt ra từ động cơ tên lửa. Có rất nhiều loại tên lửa và có nhiều kích cỡ khác nhau, từ loại rất nhỏ đến các loại tên lửa cực lớn như các tên lửa dùng để phóng các tàu vũ trụ. Mô hình xe tải sàn thấp vận chuyển tên lửa của SIKU có cấu tạo bằng nhựa và kim loại siêu bền. Tên lửa được nối với khung xe bằng 1 trục có thể nhấc lên thẳng đứng.\n\nThông tin sản phẩm:\n\nThương hiệu : Siku \nXuất xứ thương hiệu : Đức \nChất liệu : Nhựa cao cấp ABS \nĐộ tuổi : 1-6 tuổi\nSản phẩm mô phỏng một cách tinh xảo chiếc xe thật theo tỉ lệ chính xác tuyệt đối, giúp bé dễ dàng quan sát, nhận biết dễ dàng phân biệt và học hỏi về các phương tiện giao thông.\n\nSIKU là một nhãn hiệu của Đức được đăng ký vào 1950. Đây là từ viết tắt của SIEPER KUNSTSTOFFE có nghĩa là công ty nhựa Sieper. Ngày nay, SIKU là một trong những nhãn hiệu đồ chơi hàng đầu đang được bán trên toàn thế giới. Chất lượng tốt nhất và giá trị tuyệt vời là những tiêu chí mà sản phẩm của SIKU mang lại.&quot;}' data-sheets-userformat='{&quot;2&quot;:13247,&quot;3&quot;:{&quot;1&quot;:0},&quot;4&quot;:[null,2,16770457],&quot;5&quot;:{&quot;1&quot;:[{&quot;1&quot;:2,&quot;2&quot;:0,&quot;5&quot;:[null,2,0]},{&quot;1&quot;:0,&quot;2&quot;:0,&quot;3&quot;:3},{&quot;1&quot;:1,&quot;2&quot;:0,&quot;4&quot;:1}]},&quot;6&quot;:{&quot;1&quot;:[{&quot;1&quot;:2,&quot;2&quot;:0,&quot;5&quot;:[null,2,0]},{&quot;1&quot;:0,&quot;2&quot;:0,&quot;3&quot;:3},{&quot;1&quot;:1,&quot;2&quot;:0,&quot;4&quot;:1}]},&quot;7&quot;:{&quot;1&quot;:[{&quot;1&quot;:2,&quot;2&quot;:0,&quot;5&quot;:[null,2,0]},{&quot;1&quot;:0,&quot;2&quot;:0,&quot;3&quot;:3},{&quot;1&quot;:1,&quot;2&quot;:0,&quot;4&quot;:1}]},&quot;8&quot;:{&quot;1&quot;:[{&quot;1&quot;:2,&quot;2&quot;:0,&quot;5&quot;:[null,2,0]},{&quot;1&quot;:0,&quot;2&quot;:0,&quot;3&quot;:3},{&quot;1&quot;:1,&quot;2&quot;:0,&quot;4&quot;:1}]},&quot;10&quot;:1,&quot;11&quot;:3,&quot;12&quot;:0,&quot;15&quot;:&quot;Calibri&quot;,&quot;16&quot;:10}' data-sheets-textstyleruns='[null,0,{&quot;5&quot;:1}]{&quot;1&quot;:47}'><span>Thông tin sản phẩm:</span></span></h3>
<p><span data-sheets-value='{&quot;1&quot;:2,&quot;2&quot;:&quot;Mô hình SIKU Xe tải sàn thấp và tên lửa - 1614\nTên lửa là một khí cụ bay, có hoặc không có điều khiển, chỉ sử dụng một lần, chuyển động nhờ sức đẩy theo nguyên tắc phản lực do khí phụt ra từ động cơ tên lửa. Có rất nhiều loại tên lửa và có nhiều kích cỡ khác nhau, từ loại rất nhỏ đến các loại tên lửa cực lớn như các tên lửa dùng để phóng các tàu vũ trụ. Mô hình xe tải sàn thấp vận chuyển tên lửa của SIKU có cấu tạo bằng nhựa và kim loại siêu bền. Tên lửa được nối với khung xe bằng 1 trục có thể nhấc lên thẳng đứng.\n\nThông tin sản phẩm:\n\nThương hiệu : Siku \nXuất xứ thương hiệu : Đức \nChất liệu : Nhựa cao cấp ABS \nĐộ tuổi : 1-6 tuổi\nSản phẩm mô phỏng một cách tinh xảo chiếc xe thật theo tỉ lệ chính xác tuyệt đối, giúp bé dễ dàng quan sát, nhận biết dễ dàng phân biệt và học hỏi về các phương tiện giao thông.\n\nSIKU là một nhãn hiệu của Đức được đăng ký vào 1950. Đây là từ viết tắt của SIEPER KUNSTSTOFFE có nghĩa là công ty nhựa Sieper. Ngày nay, SIKU là một trong những nhãn hiệu đồ chơi hàng đầu đang được bán trên toàn thế giới. Chất lượng tốt nhất và giá trị tuyệt vời là những tiêu chí mà sản phẩm của SIKU mang lại.&quot;}' data-sheets-userformat='{&quot;2&quot;:13247,&quot;3&quot;:{&quot;1&quot;:0},&quot;4&quot;:[null,2,16770457],&quot;5&quot;:{&quot;1&quot;:[{&quot;1&quot;:2,&quot;2&quot;:0,&quot;5&quot;:[null,2,0]},{&quot;1&quot;:0,&quot;2&quot;:0,&quot;3&quot;:3},{&quot;1&quot;:1,&quot;2&quot;:0,&quot;4&quot;:1}]},&quot;6&quot;:{&quot;1&quot;:[{&quot;1&quot;:2,&quot;2&quot;:0,&quot;5&quot;:[null,2,0]},{&quot;1&quot;:0,&quot;2&quot;:0,&quot;3&quot;:3},{&quot;1&quot;:1,&quot;2&quot;:0,&quot;4&quot;:1}]},&quot;7&quot;:{&quot;1&quot;:[{&quot;1&quot;:2,&quot;2&quot;:0,&quot;5&quot;:[null,2,0]},{&quot;1&quot;:0,&quot;2&quot;:0,&quot;3&quot;:3},{&quot;1&quot;:1,&quot;2&quot;:0,&quot;4&quot;:1}]},&quot;8&quot;:{&quot;1&quot;:[{&quot;1&quot;:2,&quot;2&quot;:0,&quot;5&quot;:[null,2,0]},{&quot;1&quot;:0,&quot;2&quot;:0,&quot;3&quot;:3},{&quot;1&quot;:1,&quot;2&quot;:0,&quot;4&quot;:1}]},&quot;10&quot;:1,&quot;11&quot;:3,&quot;12&quot;:0,&quot;15&quot;:&quot;Calibri&quot;,&quot;16&quot;:10}' data-sheets-textstyleruns='[null,0,{&quot;5&quot;:1}]{&quot;1&quot;:47}'><span>Thương hiệu: Siku<br>Xuất xứ thương hiệu: Đức<br>Chất liệu: Nhựa cao cấp ABS<br>Độ tuổi: 1-6 tuổi<br>Sản phẩm mô phỏng một cách tinh xảo chiếc xe thật theo tỉ lệ chính xác tuyệt đối, giúp bé dễ dàng quan sát, nhận biết dễ dàng phân biệt và học hỏi về các phương tiện giao thông.<br><br>SIKU là một nhãn hiệu của Đức được đăng ký vào 1950. Đây là từ viết tắt của SIEPER KUNSTSTOFFE có nghĩa là công ty nhựa Sieper. Ngày nay, SIKU là một trong những nhãn hiệu đồ chơi hàng đầu đang được bán trên toàn thế giới. Chất lượng tốt nhất và giá trị tuyệt vời là những tiêu chí mà sản phẩm của SIKU mang lại.</span></span></p></div>
</div>
</div>
<div class='content-heading'><h3 class='title text-uppercase'>Thông tin sản phẩm</h3></div>
<div class='data item content' id='additional' data-role='content'>    <div class='additional-attributes-wrapper table-wrapper'>
        <table class='data table additional-attributes' id='product-attribute-specs-table'>
            <caption class='table-caption'>Thêm thông tin</caption>
            <tbody>
                                                <tr>
                        <th class='col label' scope='row'>Chủ đề</th>
                        <td class='col data' data-th='Chủ đề'>SIKU BLISTER16</td>
                    </tr>
                                                                <tr>
                        <th class='col label' scope='row'>Xuất xứ</th>
                        <td class='col data' data-th='Xuất xứ'>TRUNG QUỐC</td>
                    </tr>
                                                                <tr>
                        <th class='col label' scope='row'>Mã VT</th>
                        <td class='col data' data-th='Mã VT'>1614</td>
                    </tr>
                                                                <tr>
                        <th class='col label' scope='row'>Thương hiệu</th>
                        <td class='col data' data-th='Thương hiệu'>SIKU</td>
                    </tr>
                                                                <tr>
                        <th class='col label' scope='row'>Xuất xứ thương hiệu</th>
                        <td class='col data' data-th='Xuất xứ thương hiệu'>Đức                 </td>
                    </tr>
                                                                <tr>
                        <th class='col label' scope='row'>Tuổi</th>
                        <td class='col data' data-th='Tuổi'>1-3 tuổi, 4-6 tuổi, 6-11 tuổi, 12 tuổi trở lên</td>
                    </tr>
                                                                <tr>
                        <th class='col label' scope='row'>Chất liệu</th>
                        <td class='col data' data-th='Chất liệu'>Nhựa, Kim loại, Cao su</td>
                    </tr>
                                                                <tr>
                        <th class='col label' scope='row'>Giới tính</th>
                        <td class='col data' data-th='Giới tính'>BOY</td>
                    </tr>
                                        </tbody>
        </table>
    </div>
</div>",3,1,https://u6wdnj9wggobj.vcdn.cloud/media/catalog/product/cache/a237138a07ed0dd2cc8a6fa440635ea6/1/6/1614_1.jpg,https://u6wdnj9wggobj.vcdn.cloud/media/catalog/product/cache/a237138a07ed0dd2cc8a6fa440635ea6/1/6/1614_2.jpg,https://u6wdnj9wggobj.vcdn.cloud/media/catalog/product/cache/a237138a07ed0dd2cc8a6fa440635ea6/1/6/1614_3.jpg,https://u6wdnj9wggobj.vcdn.cloud/media/catalog/product/cache/a237138a07ed0dd2cc8a6fa440635ea6/1/6/1614_4.jpg
Máy bay phản lực chiến đấu,79000,,SIKU,SKU0873,"<div class='content-heading'><h3 class='title text-uppercase'>Mô tả sản phẩm</h3></div>
<div class='data item content' id='attributedescription'>
<div class='product attribute description'>
    <div class='value'>Máy bay phản lực chiến đấu là loại máy bay di chuyển nhờ các động cơ phản lực. Khác với máy bay thường được đẩy bằng cánh quạt, máy bay phản lực thường bay ở độ cao lớn, từ 10.000 đến 15.000 m. Ở dộ cao này, các động cơ phản lực có thể đạt được hiệu quả lớn nhất để bay được một khoảng cách xa trong khi các động cơ cánh quạt đạt hiệu quả lớn nhất ở độ cao nhỏ hơn nhiều so với động cơ phản lực. Máy bay phản lực chiến đấu của Siku tỏa sáng với thiết kế tuyệt đẹp, có bánh xe quay, hệ thống vũ khí tối tân và các decal huy hiệu quân sự đánh dấu nhiều lãnh thổ khác nhau.</div>
</div>
</div>
<div class='content-heading'><h3 class='title text-uppercase'>Thông tin sản phẩm</h3></div>
<div class='data item content' id='additional' data-role='content'>    <div class='additional-attributes-wrapper table-wrapper'>
        <table class='data table additional-attributes' id='product-attribute-specs-table'>
            <caption class='table-caption'>Thêm thông tin</caption>
            <tbody>
                                                <tr>
                        <th class='col label' scope='row'>Chủ đề</th>
                        <td class='col data' data-th='Chủ đề'>SIKU BLISTER08</td>
                    </tr>
                                                                <tr>
                        <th class='col label' scope='row'>Xuất xứ</th>
                        <td class='col data' data-th='Xuất xứ'>TRUNG QUỐC</td>
                    </tr>
                                                                <tr>
                        <th class='col label' scope='row'>Mã VT</th>
                        <td class='col data' data-th='Mã VT'>0873</td>
                    </tr>
                                                                <tr>
                        <th class='col label' scope='row'>Thương hiệu</th>
                        <td class='col data' data-th='Thương hiệu'>SIKU</td>
                    </tr>
                                                                <tr>
                        <th class='col label' scope='row'>Xuất xứ thương hiệu</th>
                        <td class='col data' data-th='Xuất xứ thương hiệu'>Đức                 </td>
                    </tr>
                                                                <tr>
                        <th class='col label' scope='row'>Tuổi</th>
                        <td class='col data' data-th='Tuổi'>1-3 tuổi, 4-6 tuổi, 6-11 tuổi, 12 tuổi trở lên</td>
                    </tr>
                                                                <tr>
                        <th class='col label' scope='row'>Chất liệu</th>
                        <td class='col data' data-th='Chất liệu'>Nhựa, Kim loại, Cao su</td>
                    </tr>
                                                                <tr>
                        <th class='col label' scope='row'>Giới tính</th>
                        <td class='col data' data-th='Giới tính'>BOY</td>
                    </tr>
                                        </tbody>
        </table>
    </div>
</div>",2,3,https://u6wdnj9wggobj.vcdn.cloud/media/catalog/product/cache/a237138a07ed0dd2cc8a6fa440635ea6/0/8/0873_11.jpg,https://u6wdnj9wggobj.vcdn.cloud/media/catalog/product/cache/a237138a07ed0dd2cc8a6fa440635ea6/0/8/0873_21.jpg,https://u6wdnj9wggobj.vcdn.cloud/media/catalog/product/cache/a237138a07ed0dd2cc8a6fa440635ea6/0/8/0873_31.jpg,https://u6wdnj9wggobj.vcdn.cloud/media/catalog/product/cache/a237138a07ed0dd2cc8a6fa440635ea6/0/8/0873_41.jpg
Robot biến hình máy bay mini  - Mira Rái Cá,119000,,SUPERWINGS,SKUYW710080,"<div class='content-heading'><h3 class='title text-uppercase'>Mô tả sản phẩm</h3></div>
<div class='data item content' id='attributedescription'>
<div class='product attribute description'>
    <div class='value'>Đồ chơi robot biến hình máy bay mini mô phỏng những nhân vật trong bộ phim hoạt hình được yêu thích hàng đầu Super Wings – Đội Bay Siêu Đẳng. 
Với hơn 13 thành viên khác nhau, mỗi nhân vật lại có những đặc điểm riêng để bé tha hồ khám phá các biến đổi.
Biến đổi từ robot sang máy bay hoặc ngược lại trong 3 bước.
Không dùng pin</div>
</div>
</div>
<div class='content-heading'><h3 class='title text-uppercase'>Thông tin sản phẩm</h3></div>
<div class='data item content' id='additional' data-role='content'>    <div class='additional-attributes-wrapper table-wrapper'>
        <table class='data table additional-attributes' id='product-attribute-specs-table'>
            <caption class='table-caption'>Thêm thông tin</caption>
            <tbody>
                                                <tr>
                        <th class='col label' scope='row'>Chủ đề</th>
                        <td class='col data' data-th='Chủ đề'>SUPERWINGS MINI CHANGE EM UP</td>
                    </tr>
                                                                <tr>
                        <th class='col label' scope='row'>Xuất xứ</th>
                        <td class='col data' data-th='Xuất xứ'>TRUNG QUỐC</td>
                    </tr>
                                                                <tr>
                        <th class='col label' scope='row'>Mã VT</th>
                        <td class='col data' data-th='Mã VT'>YW710080</td>
                    </tr>
                                                                <tr>
                        <th class='col label' scope='row'>Thương hiệu</th>
                        <td class='col data' data-th='Thương hiệu'>SUPERWINGS</td>
                    </tr>
                                                                <tr>
                        <th class='col label' scope='row'>Xuất xứ thương hiệu</th>
                        <td class='col data' data-th='Xuất xứ thương hiệu'>Trung Quốc          </td>
                    </tr>
                                                                <tr>
                        <th class='col label' scope='row'>Tuổi</th>
                        <td class='col data' data-th='Tuổi'>1-3 tuổi, 4-6 tuổi, 6-11 tuổi, 12 tuổi trở lên</td>
                    </tr>
                                                                <tr>
                        <th class='col label' scope='row'>Chất liệu</th>
                        <td class='col data' data-th='Chất liệu'>Nhựa, Xanh lá</td>
                    </tr>
                                                                <tr>
                        <th class='col label' scope='row'>Giới tính</th>
                        <td class='col data' data-th='Giới tính'>UNISEX</td>
                    </tr>
                                        </tbody>
        </table>
    </div>
</div>",2,3,https://u6wdnj9wggobj.vcdn.cloud/media/catalog/product/cache/a237138a07ed0dd2cc8a6fa440635ea6/magento/SUPERWINGS/YW710080/YW710080_1.jpg,https://u6wdnj9wggobj.vcdn.cloud/media/catalog/product/cache/a237138a07ed0dd2cc8a6fa440635ea6/magento/SUPERWINGS/YW710080/YW710080__.jpg,https://u6wdnj9wggobj.vcdn.cloud/media/catalog/product/cache/a237138a07ed0dd2cc8a6fa440635ea6/magento/SUPERWINGS/YW710080/YW710080_3.jpg,https://u6wdnj9wggobj.vcdn.cloud/media/catalog/product/cache/a237138a07ed0dd2cc8a6fa440635ea6/magento/SUPERWINGS/YW710080/YW710080_4.jpg
Robot biến hình máy bay mini  - Cảnh Sát Paul,119000,,SUPERWINGS,SKUYW710050,"<div class='content-heading'><h3 class='title text-uppercase'>Mô tả sản phẩm</h3></div>
<div class='data item content' id='attributedescription'>
<div class='product attribute description'>
    <div class='value'>Đồ chơi robot biến hình máy bay mini mô phỏng những nhân vật trong bộ phim hoạt hình được yêu thích hàng đầu Super Wings – Đội Bay Siêu Đẳng. 
Với hơn 13 thành viên khác nhau, mỗi nhân vật lại có những đặc điểm riêng để bé tha hồ khám phá các biến đổi.
Biến đổi từ robot sang máy bay hoặc ngược lại trong 3 bước.
Không dùng pin</div>
</div>
</div>
<div class='content-heading'><h3 class='title text-uppercase'>Thông tin sản phẩm</h3></div>
<div class='data item content' id='additional' data-role='content'>    <div class='additional-attributes-wrapper table-wrapper'>
        <table class='data table additional-attributes' id='product-attribute-specs-table'>
            <caption class='table-caption'>Thêm thông tin</caption>
            <tbody>
                                                <tr>
                        <th class='col label' scope='row'>Chủ đề</th>
                        <td class='col data' data-th='Chủ đề'>SUPERWINGS MINI CHANGE EM UP</td>
                    </tr>
                                                                <tr>
                        <th class='col label' scope='row'>Xuất xứ</th>
                        <td class='col data' data-th='Xuất xứ'>TRUNG QUỐC</td>
                    </tr>
                                                                <tr>
                        <th class='col label' scope='row'>Mã VT</th>
                        <td class='col data' data-th='Mã VT'>YW710050</td>
                    </tr>
                                                                <tr>
                        <th class='col label' scope='row'>Thương hiệu</th>
                        <td class='col data' data-th='Thương hiệu'>SUPERWINGS</td>
                    </tr>
                                                                <tr>
                        <th class='col label' scope='row'>Xuất xứ thương hiệu</th>
                        <td class='col data' data-th='Xuất xứ thương hiệu'>Trung Quốc          </td>
                    </tr>
                                                                <tr>
                        <th class='col label' scope='row'>Tuổi</th>
                        <td class='col data' data-th='Tuổi'>1-3 tuổi, 4-6 tuổi, 6-11 tuổi, 12 tuổi trở lên</td>
                    </tr>
                                                                <tr>
                        <th class='col label' scope='row'>Chất liệu</th>
                        <td class='col data' data-th='Chất liệu'>Nhựa, Xanh &amp; trắng</td>
                    </tr>
                                                                <tr>
                        <th class='col label' scope='row'>Giới tính</th>
                        <td class='col data' data-th='Giới tính'>UNISEX</td>
                    </tr>
                                        </tbody>
        </table>
    </div>
</div>",1,3,https://u6wdnj9wggobj.vcdn.cloud/media/catalog/product/cache/a237138a07ed0dd2cc8a6fa440635ea6/magento/SUPERWINGS/YW710050/YW710050_1.jpg,https://u6wdnj9wggobj.vcdn.cloud/media/catalog/product/cache/a237138a07ed0dd2cc8a6fa440635ea6/magento/SUPERWINGS/YW710050/YW710050_2.jpg,https://u6wdnj9wggobj.vcdn.cloud/media/catalog/product/cache/a237138a07ed0dd2cc8a6fa440635ea6/magento/SUPERWINGS/YW710050/YW710050_3.jpg,https://u6wdnj9wggobj.vcdn.cloud/media/catalog/product/cache/a237138a07ed0dd2cc8a6fa440635ea6/magento/SUPERWINGS/YW710050/YW710050_4.jpg
Robot biến hình máy bay mini - Dizzy Lốc Xoáy,119000,,SUPERWINGS,SKUYW710040,"<div class='content-heading'><h3 class='title text-uppercase'>Mô tả sản phẩm</h3></div>
<div class='data item content' id='attributedescription'>
<div class='product attribute description'>
    <div class='value'>Đồ chơi robot biến hình máy bay mini mô phỏng những nhân vật trong bộ phim hoạt hình được yêu thích hàng đầu Super Wings – Đội Bay Siêu Đẳng. 
Với hơn 13 thành viên khác nhau, mỗi nhân vật lại có những đặc điểm riêng để bé tha hồ khám phá các biến đổi.
Biến đổi từ robot sang máy bay hoặc ngược lại trong 3 bước.
Không dùng pin</div>
</div>
</div>
<div class='content-heading'><h3 class='title text-uppercase'>Thông tin sản phẩm</h3></div>
<div class='data item content' id='additional' data-role='content'>    <div class='additional-attributes-wrapper table-wrapper'>
        <table class='data table additional-attributes' id='product-attribute-specs-table'>
            <caption class='table-caption'>Thêm thông tin</caption>
            <tbody>
                                                <tr>
                        <th class='col label' scope='row'>Chủ đề</th>
                        <td class='col data' data-th='Chủ đề'>SUPERWINGS MINI CHANGE EM UP</td>
                    </tr>
                                                                <tr>
                        <th class='col label' scope='row'>Xuất xứ</th>
                        <td class='col data' data-th='Xuất xứ'>TRUNG QUỐC</td>
                    </tr>
                                                                <tr>
                        <th class='col label' scope='row'>Mã VT</th>
                        <td class='col data' data-th='Mã VT'>YW710040</td>
                    </tr>
                                                                <tr>
                        <th class='col label' scope='row'>Thương hiệu</th>
                        <td class='col data' data-th='Thương hiệu'>SUPERWINGS</td>
                    </tr>
                                                                <tr>
                        <th class='col label' scope='row'>Xuất xứ thương hiệu</th>
                        <td class='col data' data-th='Xuất xứ thương hiệu'>Trung Quốc          </td>
                    </tr>
                                                                <tr>
                        <th class='col label' scope='row'>Tuổi</th>
                        <td class='col data' data-th='Tuổi'>1-3 tuổi, 4-6 tuổi, 6-11 tuổi, 12 tuổi trở lên</td>
                    </tr>
                                                                <tr>
                        <th class='col label' scope='row'>Chất liệu</th>
                        <td class='col data' data-th='Chất liệu'>Nhựa, Hồng</td>
                    </tr>
                                                                <tr>
                        <th class='col label' scope='row'>Giới tính</th>
                        <td class='col data' data-th='Giới tính'>UNISEX</td>
                    </tr>
                                        </tbody>
        </table>
    </div>
</div>",1,3,https://u6wdnj9wggobj.vcdn.cloud/media/catalog/product/cache/a237138a07ed0dd2cc8a6fa440635ea6/magento/SUPERWINGS/YW710040/YW710040_1.jpg,https://u6wdnj9wggobj.vcdn.cloud/media/catalog/product/cache/a237138a07ed0dd2cc8a6fa440635ea6/magento/SUPERWINGS/YW710040/YW710040_2.jpg,https://u6wdnj9wggobj.vcdn.cloud/media/catalog/product/cache/a237138a07ed0dd2cc8a6fa440635ea6/magento/SUPERWINGS/YW710040/YW710040_3.jpg,https://u6wdnj9wggobj.vcdn.cloud/media/catalog/product/cache/a237138a07ed0dd2cc8a6fa440635ea6/magento/SUPERWINGS/YW710040/YW710040_4.jpg
Robot biến hình máy bay mini - Jerome Cuồng Phong,119000,,SUPERWINGS,SKUYW710030,"<div class='content-heading'><h3 class='title text-uppercase'>Mô tả sản phẩm</h3></div>
<div class='data item content' id='attributedescription'>
<div class='product attribute description'>
    <div class='value'>Đồ chơi robot biến hình máy bay mini mô phỏng những nhân vật trong bộ phim hoạt hình được yêu thích hàng đầu Super Wings – Đội Bay Siêu Đẳng. 
Với hơn 13 thành viên khác nhau, mỗi nhân vật lại có những đặc điểm riêng để bé tha hồ khám phá các biến đổi.
Biến đổi từ robot sang máy bay hoặc ngược lại trong 3 bước.
Không dùng pin</div>
</div>
</div>
<div class='content-heading'><h3 class='title text-uppercase'>Thông tin sản phẩm</h3></div>
<div class='data item content' id='additional' data-role='content'>    <div class='additional-attributes-wrapper table-wrapper'>
        <table class='data table additional-attributes' id='product-attribute-specs-table'>
            <caption class='table-caption'>Thêm thông tin</caption>
            <tbody>
                                                <tr>
                        <th class='col label' scope='row'>Chủ đề</th>
                        <td class='col data' data-th='Chủ đề'>SUPERWINGS MINI CHANGE EM UP</td>
                    </tr>
                                                                <tr>
                        <th class='col label' scope='row'>Xuất xứ</th>
                        <td class='col data' data-th='Xuất xứ'>TRUNG QUỐC</td>
                    </tr>
                                                                <tr>
                        <th class='col label' scope='row'>Mã VT</th>
                        <td class='col data' data-th='Mã VT'>YW710030</td>
                    </tr>
                                                                <tr>
                        <th class='col label' scope='row'>Thương hiệu</th>
                        <td class='col data' data-th='Thương hiệu'>SUPERWINGS</td>
                    </tr>
                                                                <tr>
                        <th class='col label' scope='row'>Xuất xứ thương hiệu</th>
                        <td class='col data' data-th='Xuất xứ thương hiệu'>Trung Quốc          </td>
                    </tr>
                                                                <tr>
                        <th class='col label' scope='row'>Tuổi</th>
                        <td class='col data' data-th='Tuổi'>1-3 tuổi, 4-6 tuổi, 6-11 tuổi, 12 tuổi trở lên</td>
                    </tr>
                                                                <tr>
                        <th class='col label' scope='row'>Chất liệu</th>
                        <td class='col data' data-th='Chất liệu'>Nhựa, Xanh dương</td>
                    </tr>
                                                                <tr>
                        <th class='col label' scope='row'>Giới tính</th>
                        <td class='col data' data-th='Giới tính'>UNISEX</td>
                    </tr>
                                        </tbody>
        </table>
    </div>
</div>",3,3,https://u6wdnj9wggobj.vcdn.cloud/media/catalog/product/cache/a237138a07ed0dd2cc8a6fa440635ea6/magento/SUPERWINGS/YW710030/YW710030_1.jpg,https://u6wdnj9wggobj.vcdn.cloud/media/catalog/product/cache/a237138a07ed0dd2cc8a6fa440635ea6/magento/SUPERWINGS/YW710030/YW710030_2.jpg,https://u6wdnj9wggobj.vcdn.cloud/media/catalog/product/cache/a237138a07ed0dd2cc8a6fa440635ea6/magento/SUPERWINGS/YW710030/YW710030_3.jpg,https://u6wdnj9wggobj.vcdn.cloud/media/catalog/product/cache/a237138a07ed0dd2cc8a6fa440635ea6/magento/SUPERWINGS/YW710030/YW710030_4.jpg
Robot biến hình máy bay mini - Donnie Thông Minh,119000,,SUPERWINGS,SKUYW710020,"<div class='content-heading'><h3 class='title text-uppercase'>Mô tả sản phẩm</h3></div>
<div class='data item content' id='attributedescription'>
<div class='product attribute description'>
    <div class='value'>Đồ chơi robot biến hình máy bay mini mô phỏng những nhân vật trong bộ phim hoạt hình được yêu thích hàng đầu Super Wings – Đội Bay Siêu Đẳng. 
Với hơn 13 thành viên khác nhau, mỗi nhân vật lại có những đặc điểm riêng để bé tha hồ khám phá các biến đổi.
Biến đổi từ robot sang máy bay hoặc ngược lại trong 3 bước.
Không dùng pin</div>
</div>
</div>
<div class='content-heading'><h3 class='title text-uppercase'>Thông tin sản phẩm</h3></div>
<div class='data item content' id='additional' data-role='content'>    <div class='additional-attributes-wrapper table-wrapper'>
        <table class='data table additional-attributes' id='product-attribute-specs-table'>
            <caption class='table-caption'>Thêm thông tin</caption>
            <tbody>
                                                <tr>
                        <th class='col label' scope='row'>Chủ đề</th>
                        <td class='col data' data-th='Chủ đề'>SUPERWINGS MINI CHANGE EM UP</td>
                    </tr>
                                                                <tr>
                        <th class='col label' scope='row'>Xuất xứ</th>
                        <td class='col data' data-th='Xuất xứ'>TRUNG QUỐC</td>
                    </tr>
                                                                <tr>
                        <th class='col label' scope='row'>Mã VT</th>
                        <td class='col data' data-th='Mã VT'>YW710020</td>
                    </tr>
                                                                <tr>
                        <th class='col label' scope='row'>Thương hiệu</th>
                        <td class='col data' data-th='Thương hiệu'>SUPERWINGS</td>
                    </tr>
                                                                <tr>
                        <th class='col label' scope='row'>Xuất xứ thương hiệu</th>
                        <td class='col data' data-th='Xuất xứ thương hiệu'>Trung Quốc          </td>
                    </tr>
                                                                <tr>
                        <th class='col label' scope='row'>Tuổi</th>
                        <td class='col data' data-th='Tuổi'>1-3 tuổi, 4-6 tuổi, 6-11 tuổi, 12 tuổi trở lên</td>
                    </tr>
                                                                <tr>
                        <th class='col label' scope='row'>Chất liệu</th>
                        <td class='col data' data-th='Chất liệu'>Nhựa, Vàng</td>
                    </tr>
                                                                <tr>
                        <th class='col label' scope='row'>Giới tính</th>
                        <td class='col data' data-th='Giới tính'>UNISEX</td>
                    </tr>
                                        </tbody>
        </table>
    </div>
</div>",3,3,https://u6wdnj9wggobj.vcdn.cloud/media/catalog/product/cache/a237138a07ed0dd2cc8a6fa440635ea6/magento/SUPERWINGS/YW710020/YW710020_1.jpg,https://u6wdnj9wggobj.vcdn.cloud/media/catalog/product/cache/a237138a07ed0dd2cc8a6fa440635ea6/magento/SUPERWINGS/YW710020/YW710020_2.jpg,https://u6wdnj9wggobj.vcdn.cloud/media/catalog/product/cache/a237138a07ed0dd2cc8a6fa440635ea6/magento/SUPERWINGS/YW710020/YW710020_3.jpg,https://u6wdnj9wggobj.vcdn.cloud/media/catalog/product/cache/a237138a07ed0dd2cc8a6fa440635ea6/magento/SUPERWINGS/YW710020/YW710020_4.jpg
Robot biến hình máy bay mini -  Jett Tia Chớp,119000,,SUPERWINGS,SKUYW710010,"<div class='content-heading'><h3 class='title text-uppercase'>Mô tả sản phẩm</h3></div>
<div class='data item content' id='attributedescription'>
<div class='product attribute description'>
    <div class='value'>Đồ chơi robot biến hình máy bay mini mô phỏng những nhân vật trong bộ phim hoạt hình được yêu thích hàng đầu Super Wings – Đội Bay Siêu Đẳng. 
Với hơn 13 thành viên khác nhau, mỗi nhân vật lại có những đặc điểm riêng để bé tha hồ khám phá các biến đổi.
Biến đổi từ robot sang máy bay hoặc ngược lại trong 3 bước.
Không dùng pin</div>
</div>
</div>
<div class='content-heading'><h3 class='title text-uppercase'>Thông tin sản phẩm</h3></div>
<div class='data item content' id='additional' data-role='content'>    <div class='additional-attributes-wrapper table-wrapper'>
        <table class='data table additional-attributes' id='product-attribute-specs-table'>
            <caption class='table-caption'>Thêm thông tin</caption>
            <tbody>
                                                <tr>
                        <th class='col label' scope='row'>Chủ đề</th>
                        <td class='col data' data-th='Chủ đề'>SUPERWINGS MINI CHANGE EM UP</td>
                    </tr>
                                                                <tr>
                        <th class='col label' scope='row'>Xuất xứ</th>
                        <td class='col data' data-th='Xuất xứ'>TRUNG QUỐC</td>
                    </tr>
                                                                <tr>
                        <th class='col label' scope='row'>Mã VT</th>
                        <td class='col data' data-th='Mã VT'>YW710010</td>
                    </tr>
                                                                <tr>
                        <th class='col label' scope='row'>Thương hiệu</th>
                        <td class='col data' data-th='Thương hiệu'>SUPERWINGS</td>
                    </tr>
                                                                <tr>
                        <th class='col label' scope='row'>Xuất xứ thương hiệu</th>
                        <td class='col data' data-th='Xuất xứ thương hiệu'>Trung Quốc          </td>
                    </tr>
                                                                <tr>
                        <th class='col label' scope='row'>Tuổi</th>
                        <td class='col data' data-th='Tuổi'>1-3 tuổi, 4-6 tuổi, 6-11 tuổi, 12 tuổi trở lên</td>
                    </tr>
                                                                <tr>
                        <th class='col label' scope='row'>Chất liệu</th>
                        <td class='col data' data-th='Chất liệu'>Nhựa, Đỏ</td>
                    </tr>
                                                                <tr>
                        <th class='col label' scope='row'>Giới tính</th>
                        <td class='col data' data-th='Giới tính'>UNISEX</td>
                    </tr>
                                        </tbody>
        </table>
    </div>
</div>",1,3,https://u6wdnj9wggobj.vcdn.cloud/media/catalog/product/cache/a237138a07ed0dd2cc8a6fa440635ea6/magento/SUPERWINGS/YW710010/YW710010_1.jpg,https://u6wdnj9wggobj.vcdn.cloud/media/catalog/product/cache/a237138a07ed0dd2cc8a6fa440635ea6/magento/SUPERWINGS/YW710010/YW710010_2.jpg,https://u6wdnj9wggobj.vcdn.cloud/media/catalog/product/cache/a237138a07ed0dd2cc8a6fa440635ea6/magento/SUPERWINGS/YW710010/YW710010_3.jpg,https://u6wdnj9wggobj.vcdn.cloud/media/catalog/product/cache/a237138a07ed0dd2cc8a6fa440635ea6/magento/SUPERWINGS/YW710010/YW710010_4.jpg
Trực thăng cứu thương,79000,,SIKU,SKU0856,"<div class='content-heading'><h3 class='title text-uppercase'>Mô tả sản phẩm</h3></div>
<div class='data item content' id='attributedescription'>
<div class='product attribute description'>
    <div class='value'>Mô hình máy bay trực thăng cứu thương SIKU được làm bằng kim loại, cánh quạt bằng nhựa có thể xoay được. Với đồ chơi mô hình trực thăng cứu thương của SIKU, bé sẽ hoá thân thành bác tài xế đang vội vã chở bệnh nhân đến bệnh viện, bé hãy nhanh lên nhé, phía trước đường đang kẹt xe nữa đấy!</div>
</div>
</div>
<div class='content-heading'><h3 class='title text-uppercase'>Thông tin sản phẩm</h3></div>
<div class='data item content' id='additional' data-role='content'>    <div class='additional-attributes-wrapper table-wrapper'>
        <table class='data table additional-attributes' id='product-attribute-specs-table'>
            <caption class='table-caption'>Thêm thông tin</caption>
            <tbody>
                                                <tr>
                        <th class='col label' scope='row'>Chủ đề</th>
                        <td class='col data' data-th='Chủ đề'>SIKU BLISTER08</td>
                    </tr>
                                                                <tr>
                        <th class='col label' scope='row'>Xuất xứ</th>
                        <td class='col data' data-th='Xuất xứ'>TRUNG QUỐC</td>
                    </tr>
                                                                <tr>
                        <th class='col label' scope='row'>Mã VT</th>
                        <td class='col data' data-th='Mã VT'>0856</td>
                    </tr>
                                                                <tr>
                        <th class='col label' scope='row'>Thương hiệu</th>
                        <td class='col data' data-th='Thương hiệu'>SIKU</td>
                    </tr>
                                                                <tr>
                        <th class='col label' scope='row'>Xuất xứ thương hiệu</th>
                        <td class='col data' data-th='Xuất xứ thương hiệu'>Đức                 </td>
                    </tr>
                                                                <tr>
                        <th class='col label' scope='row'>Tuổi</th>
                        <td class='col data' data-th='Tuổi'>1-3 tuổi, 4-6 tuổi, 6-11 tuổi, 12 tuổi trở lên</td>
                    </tr>
                                                                <tr>
                        <th class='col label' scope='row'>Chất liệu</th>
                        <td class='col data' data-th='Chất liệu'>Nhựa, Kim loại, Cao su</td>
                    </tr>
                                                                <tr>
                        <th class='col label' scope='row'>Giới tính</th>
                        <td class='col data' data-th='Giới tính'>BOY</td>
                    </tr>
                                        </tbody>
        </table>
    </div>
</div>",2,3,https://u6wdnj9wggobj.vcdn.cloud/media/catalog/product/cache/a237138a07ed0dd2cc8a6fa440635ea6/0/8/0856_1.jpg,https://u6wdnj9wggobj.vcdn.cloud/media/catalog/product/cache/a237138a07ed0dd2cc8a6fa440635ea6/0/8/0856_4.jpg,https://u6wdnj9wggobj.vcdn.cloud/media/catalog/product/cache/a237138a07ed0dd2cc8a6fa440635ea6/0/8/0856_2.jpg,https://u6wdnj9wggobj.vcdn.cloud/media/catalog/product/cache/a237138a07ed0dd2cc8a6fa440635ea6/0/8/0856_3.jpg
Bộ phương tiện cứu hộ,359000,,SIKU,SKU1850,"<div class='content-heading'><h3 class='title text-uppercase'>Mô tả sản phẩm</h3></div>
<div class='data item content' id='attributedescription'>
<div class='product attribute description'>
    <div class='value'><h2>SIKU Bộ phương tiện cứu hộ Bộ phương tiện cứu hộ 1850</h2>Bộ sản phẩm bao gồm một xe cứu hộ chuyên dụng và trực thăng cứu hộ chuyên nghiệp. Với thiết kế dành cho các bé yêu thích công việc cứu hộ, dòng sản phẩm sắc nét đến từng chi tiết. Hứa hẹn giúp bé có những giây phút vui chơi đầy hào hứng nhưng vẫn đảm bảo an toàn cho bé từ chất lượng đồ chơi Đức<p></p><h3>ĐẶC ĐIỂM NỔI BẬT XE CỦA MÔ HÌNH KIM LOẠI SIKU:</h3>
<ul>
<li> CHẤT LƯỢNG ĐỨC – Được sản xuất bởi các chất liệu kim loại cao cấp, đạt tiêu chuẩn Châu Âu về an toàn đồ chơi.</li>
<li> ĐỒ CHƠI GIÁO DỤC – Thiết kế mô phỏng dựa trên các mẫu xe thực tế, không chỉ có xe hơi mà còn bao gồm cả các loại xe khác trong thành phố giúp bé vừa chơi vừa học.</li>
<li> BẢN QUYỀN- Các dòng xe đều có bản quyền từ thương hiệu xe nổi tiếng trên thế giới.</li>
<li> CHI TIẾT TINH XẢO – dàn đèn, vỏ xe, một số dòng xe có thể mở cửa.</li>
<li> ĐA DẠNG MẪU MÃ – hơn 200 mẫu xe khác nhau.</li>
</ul>
<p>Những chiếc xe mô hỉnh luôn khơi gợi trí tò mò và là nguồn cảm hứng cho các bé trai thỏa sức chơi, khơi sáng tạo. 
Chính vì thế dòng đồ chơi xe mô hình luôn giữ vững vị trí hàng đầu trong Top đồ chơi được bé trai yêu thích. Không chỉ là một thú vui sưu tập, xe mô hình SIKU còn giúp bé học về thế giới xung quanh và phát triển trí tuệ, thế giới quan nữa đó.</p>
</div>
</div>
</div>
<div class='content-heading'><h3 class='title text-uppercase'>Thông tin sản phẩm</h3></div>
<div class='data item content' id='additional' data-role='content'>    <div class='additional-attributes-wrapper table-wrapper'>
        <table class='data table additional-attributes' id='product-attribute-specs-table'>
            <caption class='table-caption'>Thêm thông tin</caption>
            <tbody>
                                                <tr>
                        <th class='col label' scope='row'>Chủ đề</th>
                        <td class='col data' data-th='Chủ đề'>SIKU SUPER1:87</td>
                    </tr>
                                                                <tr>
                        <th class='col label' scope='row'>Xuất xứ</th>
                        <td class='col data' data-th='Xuất xứ'>TRUNG QUỐC</td>
                    </tr>
                                                                <tr>
                        <th class='col label' scope='row'>Mã VT</th>
                        <td class='col data' data-th='Mã VT'>1850</td>
                    </tr>
                                                                <tr>
                        <th class='col label' scope='row'>Thương hiệu</th>
                        <td class='col data' data-th='Thương hiệu'>SIKU</td>
                    </tr>
                                                                <tr>
                        <th class='col label' scope='row'>Xuất xứ thương hiệu</th>
                        <td class='col data' data-th='Xuất xứ thương hiệu'>Đức                 </td>
                    </tr>
                                                                <tr>
                        <th class='col label' scope='row'>Tuổi</th>
                        <td class='col data' data-th='Tuổi'>1-3 tuổi, 4-6 tuổi, 6-11 tuổi, 12 tuổi trở lên</td>
                    </tr>
                                                                <tr>
                        <th class='col label' scope='row'>Chất liệu</th>
                        <td class='col data' data-th='Chất liệu'>Nhựa, Kim loại, Cao su</td>
                    </tr>
                                                                <tr>
                        <th class='col label' scope='row'>Giới tính</th>
                        <td class='col data' data-th='Giới tính'>BOY</td>
                    </tr>
                                        </tbody>
        </table>
    </div>
</div>",3,3,https://u6wdnj9wggobj.vcdn.cloud/media/catalog/product/cache/a237138a07ed0dd2cc8a6fa440635ea6/magento/SIKU/1850/1850_1.jpg,https://u6wdnj9wggobj.vcdn.cloud/media/catalog/product/cache/a237138a07ed0dd2cc8a6fa440635ea6/magento/SIKU/1850/1850_2.jpg,https://u6wdnj9wggobj.vcdn.cloud/media/catalog/product/cache/a237138a07ed0dd2cc8a6fa440635ea6/magento/SIKU/1850/1850_3.jpg,https://u6wdnj9wggobj.vcdn.cloud/media/catalog/product/cache/a237138a07ed0dd2cc8a6fa440635ea6/magento/SIKU/1850/1850_4.jpg
Tàu con thoi,79000,,SIKU,SKU0817,"<div class='content-heading'><h3 class='title text-uppercase'>Mô tả sản phẩm</h3></div>
<div class='data item content' id='attributedescription'>
<div class='product attribute description'>
    <div class='value'>Tàu con thoi dùng để chở các phi hành gia bay vào vũ trụ,  được Cục Quản trị Hàng không và Không gian Quốc gia Hoa Kỳ (NASA) sử dụng cho các chuyến bay vào không gian của con người. Như phần lớn các loại máy bay, tàu con thoi được chế tạo bằng lớp nhôm dẫn điện, vốn bảo vệ và che đậy cho các hệ thống bên trong. Tuy nhiên, trong quá trình tàu con thoi được phóng đi nó thải ra một luồng khí nóng khi bay lên, và luồng khí này có thể dẫn sét vì cung cấp một đường dẫn cho dòng điện xuống đất. Vì sự an toàn Tàu con thoi sẽ không được phóng trong điều kiện có thể bị sét đánh trúng.</div>
</div>
</div>
<div class='content-heading'><h3 class='title text-uppercase'>Thông tin sản phẩm</h3></div>
<div class='data item content' id='additional' data-role='content'>    <div class='additional-attributes-wrapper table-wrapper'>
        <table class='data table additional-attributes' id='product-attribute-specs-table'>
            <caption class='table-caption'>Thêm thông tin</caption>
            <tbody>
                                                <tr>
                        <th class='col label' scope='row'>Chủ đề</th>
                        <td class='col data' data-th='Chủ đề'>SIKU BLISTER08</td>
                    </tr>
                                                                <tr>
                        <th class='col label' scope='row'>Xuất xứ</th>
                        <td class='col data' data-th='Xuất xứ'>TRUNG QUỐC</td>
                    </tr>
                                                                <tr>
                        <th class='col label' scope='row'>Mã VT</th>
                        <td class='col data' data-th='Mã VT'>0817</td>
                    </tr>
                                                                <tr>
                        <th class='col label' scope='row'>Thương hiệu</th>
                        <td class='col data' data-th='Thương hiệu'>SIKU</td>
                    </tr>
                                                                <tr>
                        <th class='col label' scope='row'>Xuất xứ thương hiệu</th>
                        <td class='col data' data-th='Xuất xứ thương hiệu'>Đức                 </td>
                    </tr>
                                                                <tr>
                        <th class='col label' scope='row'>Tuổi</th>
                        <td class='col data' data-th='Tuổi'>1-3 tuổi, 4-6 tuổi, 6-11 tuổi, 12 tuổi trở lên</td>
                    </tr>
                                                                <tr>
                        <th class='col label' scope='row'>Chất liệu</th>
                        <td class='col data' data-th='Chất liệu'>Nhựa, Kim loại, Cao su</td>
                    </tr>
                                                                <tr>
                        <th class='col label' scope='row'>Giới tính</th>
                        <td class='col data' data-th='Giới tính'>BOY</td>
                    </tr>
                                        </tbody>
        </table>
    </div>
</div>",3,3,https://u6wdnj9wggobj.vcdn.cloud/media/catalog/product/cache/a237138a07ed0dd2cc8a6fa440635ea6/0/8/0817_1.jpg,https://u6wdnj9wggobj.vcdn.cloud/media/catalog/product/cache/a237138a07ed0dd2cc8a6fa440635ea6/0/8/0817_2.jpg,https://u6wdnj9wggobj.vcdn.cloud/media/catalog/product/cache/a237138a07ed0dd2cc8a6fa440635ea6/0/8/0817_3.jpg,https://u6wdnj9wggobj.vcdn.cloud/media/catalog/product/cache/a237138a07ed0dd2cc8a6fa440635ea6/0/8/0817_4.jpg
Máy bay mini - Jerome Cuồng Phong,111000,159000,SUPERWINGS,SKUYW710013,"<div class='content-heading'><h3 class='title text-uppercase'>Mô tả sản phẩm</h3></div>
<div class='data item content' id='attributedescription'>
<div class='product attribute description'>
    <div class='value'>Đồ chơi máy bay Super Wings die-cast được làm bằng chất liệu kim loại cao cấp, sắc nét.
Mô phỏng chi tiết các nhân vật được yêu thích trong phim.
Đẩy về trước để tạo đà lăn bánh cho máy bay.</div>
</div>
</div>
<div class='content-heading'><h3 class='title text-uppercase'>Thông tin sản phẩm</h3></div>
<div class='data item content' id='additional' data-role='content'>    <div class='additional-attributes-wrapper table-wrapper'>
        <table class='data table additional-attributes' id='product-attribute-specs-table'>
            <caption class='table-caption'>Thêm thông tin</caption>
            <tbody>
                                                <tr>
                        <th class='col label' scope='row'>Chủ đề</th>
                        <td class='col data' data-th='Chủ đề'>SUPERWINGS DIECAST PLANE</td>
                    </tr>
                                                                <tr>
                        <th class='col label' scope='row'>Xuất xứ</th>
                        <td class='col data' data-th='Xuất xứ'>TRUNG QUỐC</td>
                    </tr>
                                                                <tr>
                        <th class='col label' scope='row'>Mã VT</th>
                        <td class='col data' data-th='Mã VT'>YW710013</td>
                    </tr>
                                                                <tr>
                        <th class='col label' scope='row'>Thương hiệu</th>
                        <td class='col data' data-th='Thương hiệu'>SUPERWINGS</td>
                    </tr>
                                                                <tr>
                        <th class='col label' scope='row'>Xuất xứ thương hiệu</th>
                        <td class='col data' data-th='Xuất xứ thương hiệu'>Trung Quốc          </td>
                    </tr>
                                                                <tr>
                        <th class='col label' scope='row'>Tuổi</th>
                        <td class='col data' data-th='Tuổi'>1-3 tuổi, 4-6 tuổi, 6-11 tuổi, 12 tuổi trở lên</td>
                    </tr>
                                                                <tr>
                        <th class='col label' scope='row'>Chất liệu</th>
                        <td class='col data' data-th='Chất liệu'>Kim loại, Xanh dương</td>
                    </tr>
                                                                <tr>
                        <th class='col label' scope='row'>Giới tính</th>
                        <td class='col data' data-th='Giới tính'>UNISEX</td>
                    </tr>
                                        </tbody>
        </table>
    </div>
</div>",2,1,https://u6wdnj9wggobj.vcdn.cloud/media/catalog/product/cache/a237138a07ed0dd2cc8a6fa440635ea6/magento/SUPERWINGS/YW710013/YW710013_1.jpg,https://u6wdnj9wggobj.vcdn.cloud/media/catalog/product/cache/a237138a07ed0dd2cc8a6fa440635ea6/magento/SUPERWINGS/YW710013/YW710013_2.jpg,https://u6wdnj9wggobj.vcdn.cloud/media/catalog/product/cache/a237138a07ed0dd2cc8a6fa440635ea6/magento/SUPERWINGS/YW710013/YW710013_3.jpg,https://u6wdnj9wggobj.vcdn.cloud/media/catalog/product/cache/a237138a07ed0dd2cc8a6fa440635ea6/magento/SUPERWINGS/YW710013/YW710013_2.jpg
